{"v":"5.4.4","fr":29.9700012207031,"ip":0,"op":43.0000017514259,"w":2000,"h":2000,"nm":"Comp 1","ddd":0,"assets":[],"layers":[{"ddd":0,"ind":3,"ty":4,"nm":"Shape Layer 4","sr":1,"ks":{"o":{"a":0,"k":100,"ix":11},"r":{"a":1,"k":[{"i":{"x":[0.833],"y":[0.833]},"o":{"x":[0.167],"y":[0.167]},"t":0,"s":[-11.083],"e":[316.917]},{"t":42.0000017106951}],"ix":10},"p":{"a":0,"k":[1000,980,0],"ix":2},"a":{"a":0,"k":[-24,-20,0],"ix":1},"s":{"a":0,"k":[208,208,100],"ix":6}},"ao":0,"shapes":[{"ty":"gr","it":[{"ind":0,"ty":"sh","ix":1,"ks":{"a":0,"k":{"i":[[175.627,0],[0,-175.627],[-175.627,0],[0,175.627]],"o":[[-175.627,0],[0,175.627],[175.627,0],[0,-175.627]],"v":[[300,-2],[-18,316],[300,634],[618,316]],"c":true},"ix":2},"nm":"Path 1","mn":"ADBE Vector Shape - Group","hd":false},{"ty":"gs","o":{"a":0,"k":100,"ix":9},"w":{"a":0,"k":81,"ix":10},"g":{"p":3,"k":{"a":0,"k":[0,0,0.737,0.835,0.5,0.343,0.835,0.918,1,0.686,0.933,1],"ix":8}},"s":{"a":0,"k":[0,0],"ix":4},"e":{"a":0,"k":[479,0],"ix":5},"t":1,"lc":2,"lj":1,"ml":4,"ml2":{"a":0,"k":4,"ix":13},"bm":0,"nm":"Gradient Stroke 1","mn":"ADBE Vector Graphic - G-Stroke","hd":false},{"ty":"tr","p":{"a":0,"k":[-330,-334],"ix":2},"a":{"a":0,"k":[0,0],"ix":1},"s":{"a":0,"k":[100,100],"ix":3},"r":{"a":0,"k":0,"ix":6},"o":{"a":0,"k":100,"ix":7},"sk":{"a":0,"k":0,"ix":4},"sa":{"a":0,"k":0,"ix":5},"nm":"Transform"}],"nm":"Ellipse 1","np":3,"cix":2,"bm":0,"ix":1,"mn":"ADBE Vector Group","hd":false},{"ty":"tm","s":{"a":0,"k":100,"ix":1},"e":{"a":0,"k":0,"ix":2},"o":{"a":0,"k":0,"ix":3},"m":1,"ix":2,"nm":"Trim Paths 1","mn":"ADBE Vector Filter - Trim","hd":false}],"ip":0,"op":900.000036657751,"st":0,"bm":0},{"ddd":0,"ind":4,"ty":4,"nm":"Shape Layer 2","sr":1,"ks":{"o":{"a":0,"k":100,"ix":11},"r":{"a":1,"k":[{"i":{"x":[0.833],"y":[0.833]},"o":{"x":[0.167],"y":[0.167]},"t":0,"s":[-11.083],"e":[316.917]},{"t":42.0000017106951}],"ix":10},"p":{"a":0,"k":[1000,980,0],"ix":2},"a":{"a":0,"k":[-24,-20,0],"ix":1},"s":{"a":0,"k":[208,208,100],"ix":6}},"ao":0,"shapes":[{"ty":"gr","it":[{"ind":0,"ty":"sh","ix":1,"ks":{"a":0,"k":{"i":[[175.627,0],[0,-175.627],[-175.627,0],[0,175.627]],"o":[[-175.627,0],[0,175.627],[175.627,0],[0,-175.627]],"v":[[300,-2],[-18,316],[300,634],[618,316]],"c":true},"ix":2},"nm":"Path 1","mn":"ADBE Vector Shape - Group","hd":false},{"ty":"gs","o":{"a":0,"k":100,"ix":9},"w":{"a":0,"k":81,"ix":10},"g":{"p":3,"k":{"a":0,"k":[0,0,0.737,0.835,0.5,0.5,0.869,0.918,1,1,1,1],"ix":8}},"s":{"a":0,"k":[0,0],"ix":4},"e":{"a":0,"k":[479,0],"ix":5},"t":1,"lc":2,"lj":1,"ml":4,"ml2":{"a":0,"k":4,"ix":13},"bm":0,"nm":"Gradient Stroke 1","mn":"ADBE Vector Graphic - G-Stroke","hd":false},{"ty":"tr","p":{"a":0,"k":[-330,-334],"ix":2},"a":{"a":0,"k":[0,0],"ix":1},"s":{"a":0,"k":[100,100],"ix":3},"r":{"a":0,"k":0,"ix":6},"o":{"a":0,"k":100,"ix":7},"sk":{"a":0,"k":0,"ix":4},"sa":{"a":0,"k":0,"ix":5},"nm":"Transform"}],"nm":"Ellipse 1","np":3,"cix":2,"bm":0,"ix":1,"mn":"ADBE Vector Group","hd":false},{"ty":"tm","s":{"a":0,"k":100,"ix":1},"e":{"a":0,"k":0,"ix":2},"o":{"a":0,"k":0,"ix":3},"m":1,"ix":2,"nm":"Trim Paths 1","mn":"ADBE Vector Filter - Trim","hd":false}],"ip":0,"op":900.000036657751,"st":0,"bm":0}],"markers":[]}